"groupcategory","group","partnername","partnercode"
".Global region",".World","Afghanistan","0660"
".Global region",".World","Albania","0070"
".Global region",".World","Algeria","0208"
".Global region",".World","Amr. Ocean.","0810"
".Global region",".World","Amr. Samoa","0830"
".Global region",".World","Andorra","0043"
".Global region",".World","Angola","0330"
".Global region",".World","Anguilla","0446"
".Global region",".World","Antarctica","0891"
".Global region",".World","Antigua-Bar.","0459"
".Global region",".World","Argentina","0528"
".Global region",".World","Armenia","0077"
".Global region",".World","Aruba","0474"
".Global region",".World","Austr. Ocean.","0802"
".Global region",".World","Australia","0800"
".Global region",".World","Austria","0038"
".Global region",".World","Azerbaijan","0078"
".Global region",".World","Bahamas","0453"
".Global region",".World","Bahrain","0640"
".Global region",".World","Bangladesh","0666"
".Global region",".World","Barbados","0469"
".Global region",".World","Belarus","0073"
".Global region",".World","Belgium","0017"
".Global region",".World","Belize","0421"
".Global region",".World","Benin","0284"
".Global region",".World","Bermuda","0413"
".Global region",".World","Bhutan","0675"
".Global region",".World","Bolivia","0516"
".Global region",".World","Bonaire","0477"
".Global region",".World","Bosnia Herz.","0093"
".Global region",".World","Botswana","0391"
".Global region",".World","Bouvet Island","0892"
".Global region",".World","Br. In. Ocn. T.","0357"
".Global region",".World","Br. Virg. Isds","0468"
".Global region",".World","Brazil","0508"
".Global region",".World","Brunei Dar.","0703"
".Global region",".World","Bulgaria","0068"
".Global region",".World","Burkina Faso","0236"
".Global region",".World","Burundi","0328"
".Global region",".World","Cambodia","0696"
".Global region",".World","Cameroon","0302"
".Global region",".World","Canada","0404"
".Global region",".World","Canary is.","0021"
".Global region",".World","Canary Is.","0202"
".Global region",".World","Cape Verde","0247"
".Global region",".World","Cayman Isds","0463"
".Global region",".World","Cent. Afr. Rp.","0306"
".Global region",".World","Chad","0244"
".Global region",".World","Chile","0512"
".Global region",".World","China","0720"
".Global region",".World","Christmas is.","0834"
".Global region",".World","Cocos Isds","0833"
".Global region",".World","Colombia","0480"
".Global region",".World","Comoros","0375"
".Global region",".World","Congo","0318"
".Global region",".World","Congo DR","0322"
".Global region",".World","Cook Is.","0837"
".Global region",".World","Costa Rica","0436"
".Global region",".World","C?te d'Ivoire","0272"
".Global region",".World","Croatia","0092"
".Global region",".World","Cuba","0448"
".Global region",".World","Curacao","0475"
".Global region",".World","Cyprus","0600"
".Global region",".World","Czech Rep.","0061"
".Global region",".World","Denmark","0008"
".Global region",".World","Djibouti","0338"
".Global region",".World","Dominica","0460"
".Global region",".World","Domin-Rep.","0456"
".Global region",".World","Ecuador","0500"
".Global region",".World","Egypt","0220"
".Global region",".World","El Salvador","0428"
".Global region",".World","Eq. Guinea","0310"
".Global region",".World","Eritrea","0336"
".Global region",".World","Estonia","0053"
".Global region",".World","Ethiopia","0334"
".Global region",".World","Faeroe Isds","0041"
".Global region",".World","Falkland is.","0529"
".Global region",".World","Fiji","0815"
".Global region",".World","Finland","0032"
".Global region",".World","France","0001"
".Global region",".World","French Guiana","0496"
".Global region",".World","French S. Ter.","0894"
".Global region",".World","Frnch-Plyns.","0822"
".Global region",".World","Gabon","0314"
".Global region",".World","Gambia","0252"
".Global region",".World","Gaza & Jer.","0625"
".Global region",".World","Georgia","0076"
".Global region",".World","Germany","0004"
".Global region",".World","Ghana","0276"
".Global region",".World","Gibraltar","0044"
".Global region",".World","Greece","0009"
".Global region",".World","Greenland","0406"
".Global region",".World","Grenada","0473"
".Global region",".World","Guadeloupe","0458"
".Global region",".World","Guam","0831"
".Global region",".World","Guatemala","0416"
".Global region",".World","Guinea","0260"
".Global region",".World","Guinea-Biss.","0257"
".Global region",".World","Guyana","0488"
".Global region",".World","Haiti","0452"
".Global region",".World","Heard is. McD.","0835"
".Global region",".World","Honduras","0424"
".Global region",".World","Hong Kong","0740"
".Global region",".World","Hungary","0064"
".Global region",".World","Iceland","0024"
".Global region",".World","India","0664"
".Global region",".World","Indonesia","0700"
".Global region",".World","Iran","0616"
".Global region",".World","Iraq","0612"
".Global region",".World","Ireland","0007"
".Global region",".World","Israel","0624"
".Global region",".World","Italy","0005"
".Global region",".World","Jamaica","0464"
".Global region",".World","Japan","0732"
".Global region",".World","Jordan","0628"
".Global region",".World","Kazakhstan","0079"
".Global region",".World","Kenya","0346"
".Global region",".World","Kiribati","0812"
".Global region",".World","Kosovo","0095"
".Global region",".World","Kuwait","0636"
".Global region",".World","Kyrgyzstan","0083"
".Global region",".World","Laos","0684"
".Global region",".World","Latvia","0054"
".Global region",".World","Lebanon","0604"
".Global region",".World","Lesotho","0395"
".Global region",".World","Liberia","0268"
".Global region",".World","Libya","0216"
".Global region",".World","Liechtenst.","0037"
".Global region",".World","Lithuania","0055"
".Global region",".World","Luxembrg.","0018"
".Global region",".World","Macao","0743"
".Global region",".World","Macedonia","0096"
".Global region",".World","Madagascar","0370"
".Global region",".World","Malawi","0386"
".Global region",".World","Malaysia","0701"
".Global region",".World","Maldives","0667"
".Global region",".World","Mali","0232"
".Global region",".World","Malta","0046"
".Global region",".World","Marshall Is.","0824"
".Global region",".World","Martinique","0462"
".Global region",".World","Mauritania","0228"
".Global region",".World","Mauritius","0373"
".Global region",".World","Mayotte","0377"
".Global region",".World","Melilla","0023"
".Global region",".World","Mexico","0412"
".Global region",".World","Micronesia","0823"
".Global region",".World","Moldova","0074"
".Global region",".World","Mongolia","0716"
".Global region",".World","Montenegro","0097"
".Global region",".World","Montserrat","0470"
".Global region",".World","Morocco","0204"
".Global region",".World","Mozamb.","0366"
".Global region",".World","Myanmar","0676"
".Global region",".World","N. Korea","0724"
".Global region",".World","N. Mariana Is.","0820"
".Global region",".World","N. Zealand","0804"
".Global region",".World","Namibia","0389"
".Global region",".World","Nauru","0803"
".Global region",".World","Nepal","0672"
".Global region",".World","Neth. Antilles","0478"
".Global region",".World","Netherlds.","0003"
".Global region",".World","New Caled.","0809"
".Global region",".World","Nicaragua","0432"
".Global region",".World","Niger","0240"
".Global region",".World","Nigeria","0288"
".Global region",".World","Niue","0838"
".Global region",".World","Norfolk is.","0836"
".Global region",".World","Norway","0028"
".Global region",".World","NZ Oceania","0814"
".Global region",".World","Oman","0649"
".Global region",".World","Pakistan","0662"
".Global region",".World","Palau","0825"
".Global region",".World","Panama","0442"
".Global region",".World","Papua N.G.","0801"
".Global region",".World","Paraguay","0520"
".Global region",".World","Peru","0504"
".Global region",".World","Philippines","0708"
".Global region",".World","Pitcairn","0813"
".Global region",".World","Poland","0060"
".Global region",".World","Polar Reg.","0890"
".Global region",".World","Portugal","0010"
".Global region",".World","Qatar","0644"
".Global region",".World","Reunion","0372"
".Global region",".World","Romania","0066"
".Global region",".World","Russia","0075"
".Global region",".World","Rwanda","0324"
".Global region",".World","S. Korea","0728"
".Global region",".World","Saint Lucia","0465"
".Global region",".World","Samoa","0819"
".Global region",".World","San Marino","0047"
".Global region",".World","Sao Tome-Pr.","0311"
".Global region",".World","Saudi Arabia","0632"
".Global region",".World","Senegal","0248"
".Global region",".World","Serbia","0098"
".Global region",".World","Serbia-Mont.","0094"
".Global region",".World","Seychelles","0355"
".Global region",".World","Sierra Leone","0264"
".Global region",".World","Singapore","0706"
".Global region",".World","Slovakia","0063"
".Global region",".World","Slovenia","0091"
".Global region",".World","Solomon Is.","0806"
".Global region",".World","Somalia","0342"
".Global region",".World","South Africa","0388"
".Global region",".World","South Sudan","0225"
".Global region",".World","Spain","0011"
".Global region",".World","Sri Lanka","0669"
".Global region",".World","St Helena","0329"
".Global region",".World","St Kitts-Nev","0449"
".Global region",".World","St Pierre-Miq","0408"
".Global region",".World","St Vincent","0467"
".Global region",".World","St. Barthlmy.","0466"
".Global region",".World","St. Maarten","0479"
".Global region",".World","Sth. Georgia","0893"
".Global region",".World","Sudan","0224"
".Global region",".World","Suriname","0492"
".Global region",".World","Swaziland","0393"
".Global region",".World","Sweden","0030"
".Global region",".World","Switzerland","0039"
".Global region",".World","Syria","0608"
".Global region",".World","Taiwan","0736"
".Global region",".World","Tajikistan","0082"
".Global region",".World","Tanzania","0352"
".Global region",".World","Thailand","0680"
".Global region",".World","Timor-Leste","0626"
".Global region",".World","Togo","0280"
".Global region",".World","Tokelau","0839"
".Global region",".World","Tonga","0817"
".Global region",".World","Trin. & Tob.","0472"
".Global region",".World","Tunisia","0212"
".Global region",".World","Turkey","0052"
".Global region",".World","Turkmenstn.","0080"
".Global region",".World","Turks-Caicos","0454"
".Global region",".World","Tuvalu","0807"
".Global region",".World","UAE","0647"
".Global region",".World","Uganda","0350"
".Global region",".World","UK","0006"
".Global region",".World","Ukraine","0072"
".Global region",".World","Uruguay","0524"
".Global region",".World","US Minor Is.","0832"
".Global region",".World","US Virgin Is.","0457"
".Global region",".World","USA","0400"
".Global region",".World","Uzbekistan","0081"
".Global region",".World","Vanuatu","0816"
".Global region",".World","Vatican City","0045"
".Global region",".World","Venezuela","0484"
".Global region",".World","Viet Nam","0690"
".Global region",".World","W Sahara","0229"
".Global region",".World","Wallis & Fut.","0811"
".Global region",".World","Yemen","0653"
".Global region",".World","Yugoslavia","0048"
".Global region",".World","Zambia","0378"
".Global region",".World","Zimbabwe","0382"
".Global region","Africa","Algeria","0208"
".Global region","Africa","Angola","0330"
".Global region","Africa","Benin","0284"
".Global region","Africa","Botswana","0391"
".Global region","Africa","Burkina Faso","0236"
".Global region","Africa","Burundi","0328"
".Global region","Africa","Cameroon","0302"
".Global region","Africa","Canary Is.","0202"
".Global region","Africa","Canary is.","0021"
".Global region","Africa","Cape Verde","0247"
".Global region","Africa","Cent. Afr. Rp.","0306"
".Global region","Africa","Chad","0244"
".Global region","Africa","Comoros","0375"
".Global region","Africa","Congo","0318"
".Global region","Africa","Congo DR","0322"
".Global region","Africa","C?te d'Ivoire","0272"
".Global region","Africa","Djibouti","0338"
".Global region","Africa","Egypt","0220"
".Global region","Africa","Eq. Guinea","0310"
".Global region","Africa","Eritrea","0336"
".Global region","Africa","Ethiopia","0334"
".Global region","Africa","Gabon","0314"
".Global region","Africa","Gambia","0252"
".Global region","Africa","Ghana","0276"
".Global region","Africa","Guinea","0260"
".Global region","Africa","Guinea-Biss.","0257"
".Global region","Africa","Kenya","0346"
".Global region","Africa","Lesotho","0395"
".Global region","Africa","Liberia","0268"
".Global region","Africa","Libya","0216"
".Global region","Africa","Madagascar","0370"
".Global region","Africa","Malawi","0386"
".Global region","Africa","Mali","0232"
".Global region","Africa","Mauritania","0228"
".Global region","Africa","Mauritius","0373"
".Global region","Africa","Mayotte","0377"
".Global region","Africa","Melilla","0023"
".Global region","Africa","Morocco","0204"
".Global region","Africa","Mozamb.","0366"
".Global region","Africa","Namibia","0389"
".Global region","Africa","Niger","0240"
".Global region","Africa","Nigeria","0288"
".Global region","Africa","Reunion","0372"
".Global region","Africa","Rwanda","0324"
".Global region","Africa","Sao Tome-Pr.","0311"
".Global region","Africa","Senegal","0248"
".Global region","Africa","Seychelles","0355"
".Global region","Africa","Sierra Leone","0264"
".Global region","Africa","Somalia","0342"
".Global region","Africa","South Africa","0388"
".Global region","Africa","South Sudan","0225"
".Global region","Africa","St Helena","0329"
".Global region","Africa","Sudan","0224"
".Global region","Africa","Swaziland","0393"
".Global region","Africa","Tanzania","0352"
".Global region","Africa","Togo","0280"
".Global region","Africa","Tunisia","0212"
".Global region","Africa","Uganda","0350"
".Global region","Africa","W Sahara","0229"
".Global region","Africa","Zambia","0378"
".Global region","Africa","Zimbabwe","0382"
".Global region","China, Hong Kong, Taiwan","China","0720"
".Global region","China, Hong Kong, Taiwan","Hong Kong","0740"
".Global region","China, Hong Kong, Taiwan","Macao","0743"
".Global region","China, Hong Kong, Taiwan","Mongolia","0716"
".Global region","China, Hong Kong, Taiwan","Taiwan","0736"
".Global region","CIS","Armenia","0077"
".Global region","CIS","Azerbaijan","0078"
".Global region","CIS","Belarus","0073"
".Global region","CIS","Georgia","0076"
".Global region","CIS","Kazakhstan","0079"
".Global region","CIS","Kyrgyzstan","0083"
".Global region","CIS","Moldova","0074"
".Global region","CIS","Russia","0075"
".Global region","CIS","Tajikistan","0082"
".Global region","CIS","Turkmenstn.","0080"
".Global region","CIS","Ukraine","0072"
".Global region","CIS","Uzbekistan","0081"
".Global region","Europe","Albania","0070"
".Global region","Europe","Andorra","0043"
".Global region","Europe","Austria","0038"
".Global region","Europe","Belgium","0017"
".Global region","Europe","Bosnia Herz.","0093"
".Global region","Europe","Bulgaria","0068"
".Global region","Europe","Croatia","0092"
".Global region","Europe","Cyprus","0600"
".Global region","Europe","Czech Rep.","0061"
".Global region","Europe","Denmark","0008"
".Global region","Europe","Estonia","0053"
".Global region","Europe","Faeroe Isds","0041"
".Global region","Europe","Finland","0032"
".Global region","Europe","France","0001"
".Global region","Europe","Germany","0004"
".Global region","Europe","Gibraltar","0044"
".Global region","Europe","Greece","0009"
".Global region","Europe","Greenland","0406"
".Global region","Europe","Hungary","0064"
".Global region","Europe","Iceland","0024"
".Global region","Europe","Ireland","0007"
".Global region","Europe","Italy","0005"
".Global region","Europe","Kosovo","0095"
".Global region","Europe","Latvia","0054"
".Global region","Europe","Liechtenst.","0037"
".Global region","Europe","Lithuania","0055"
".Global region","Europe","Luxembrg.","0018"
".Global region","Europe","Macedonia","0096"
".Global region","Europe","Malta","0046"
".Global region","Europe","Montenegro","0097"
".Global region","Europe","Netherlds.","0003"
".Global region","Europe","Norway","0028"
".Global region","Europe","Poland","0060"
".Global region","Europe","Portugal","0010"
".Global region","Europe","Romania","0066"
".Global region","Europe","San Marino","0047"
".Global region","Europe","Serbia","0098"
".Global region","Europe","Serbia-Mont.","0094"
".Global region","Europe","Slovakia","0063"
".Global region","Europe","Slovenia","0091"
".Global region","Europe","Spain","0011"
".Global region","Europe","Sweden","0030"
".Global region","Europe","Switzerland","0039"
".Global region","Europe","UK","0006"
".Global region","Europe","Vatican City","0045"
".Global region","Europe","Yugoslavia","0048"
".Global region","India & South Asia","Afghanistan","0660"
".Global region","India & South Asia","Bangladesh","0666"
".Global region","India & South Asia","Bhutan","0675"
".Global region","India & South Asia","Br. In. Ocn. T.","0357"
".Global region","India & South Asia","India","0664"
".Global region","India & South Asia","Maldives","0667"
".Global region","India & South Asia","Nepal","0672"
".Global region","India & South Asia","Pakistan","0662"
".Global region","India & South Asia","Sri Lanka","0669"
".Global region","Middle East","Bahrain","0640"
".Global region","Middle East","Gaza & Jer.","0625"
".Global region","Middle East","Iran","0616"
".Global region","Middle East","Iraq","0612"
".Global region","Middle East","Israel","0624"
".Global region","Middle East","Jordan","0628"
".Global region","Middle East","Kuwait","0636"
".Global region","Middle East","Lebanon","0604"
".Global region","Middle East","Oman","0649"
".Global region","Middle East","Qatar","0644"
".Global region","Middle East","Saudi Arabia","0632"
".Global region","Middle East","Syria","0608"
".Global region","Middle East","Turkey","0052"
".Global region","Middle East","UAE","0647"
".Global region","Middle East","Yemen","0653"
".Global region","North America","Bermuda","0413"
".Global region","North America","Canada","0404"
".Global region","North America","Mexico","0412"
".Global region","North America","St Pierre-Miq","0408"
".Global region","North America","USA","0400"
".Global region","Northeast Asia","Japan","0732"
".Global region","Northeast Asia","N. Korea","0724"
".Global region","Northeast Asia","S. Korea","0728"
".Global region","Pacific","Amr. Ocean.","0810"
".Global region","Pacific","Amr. Samoa","0830"
".Global region","Pacific","Austr. Ocean.","0802"
".Global region","Pacific","Australia","0800"
".Global region","Pacific","Christmas is.","0834"
".Global region","Pacific","Cocos Isds","0833"
".Global region","Pacific","Cook Is.","0837"
".Global region","Pacific","Fiji","0815"
".Global region","Pacific","Frnch-Plyns.","0822"
".Global region","Pacific","Guam","0831"
".Global region","Pacific","Heard is. McD.","0835"
".Global region","Pacific","Kiribati","0812"
".Global region","Pacific","Marshall Is.","0824"
".Global region","Pacific","Micronesia","0823"
".Global region","Pacific","N. Mariana Is.","0820"
".Global region","Pacific","N. Zealand","0804"
".Global region","Pacific","Nauru","0803"
".Global region","Pacific","New Caled.","0809"
".Global region","Pacific","Niue","0838"
".Global region","Pacific","Norfolk is.","0836"
".Global region","Pacific","NZ Oceania","0814"
".Global region","Pacific","Palau","0825"
".Global region","Pacific","Papua N.G.","0801"
".Global region","Pacific","Pitcairn","0813"
".Global region","Pacific","Samoa","0819"
".Global region","Pacific","Solomon Is.","0806"
".Global region","Pacific","Tokelau","0839"
".Global region","Pacific","Tonga","0817"
".Global region","Pacific","Tuvalu","0807"
".Global region","Pacific","US Minor Is.","0832"
".Global region","Pacific","Vanuatu","0816"
".Global region","Pacific","Wallis & Fut.","0811"
".Global region","Polar","Antarctica","0891"
".Global region","Polar","Bouvet Island","0892"
".Global region","Polar","French S. Ter.","0894"
".Global region","Polar","Polar Reg.","0890"
".Global region","Polar","Sth. Georgia","0893"
".Global region","South America","Anguilla","0446"
".Global region","South America","Antigua-Bar.","0459"
".Global region","South America","Argentina","0528"
".Global region","South America","Aruba","0474"
".Global region","South America","Bahamas","0453"
".Global region","South America","Barbados","0469"
".Global region","South America","Belize","0421"
".Global region","South America","Bolivia","0516"
".Global region","South America","Bonaire","0477"
".Global region","South America","Br. Virg. Isds","0468"
".Global region","South America","Brazil","0508"
".Global region","South America","Cayman Isds","0463"
".Global region","South America","Chile","0512"
".Global region","South America","Colombia","0480"
".Global region","South America","Costa Rica","0436"
".Global region","South America","Cuba","0448"
".Global region","South America","Curacao","0475"
".Global region","South America","Dominica","0460"
".Global region","South America","Domin-Rep.","0456"
".Global region","South America","Ecuador","0500"
".Global region","South America","El Salvador","0428"
".Global region","South America","Falkland is.","0529"
".Global region","South America","French Guiana","0496"
".Global region","South America","Grenada","0473"
".Global region","South America","Guadeloupe","0458"
".Global region","South America","Guatemala","0416"
".Global region","South America","Guyana","0488"
".Global region","South America","Haiti","0452"
".Global region","South America","Honduras","0424"
".Global region","South America","Jamaica","0464"
".Global region","South America","Martinique","0462"
".Global region","South America","Montserrat","0470"
".Global region","South America","Neth. Antilles","0478"
".Global region","South America","Nicaragua","0432"
".Global region","South America","Panama","0442"
".Global region","South America","Paraguay","0520"
".Global region","South America","Peru","0504"
".Global region","South America","Saint Lucia","0465"
".Global region","South America","St Kitts-Nev","0449"
".Global region","South America","St Vincent","0467"
".Global region","South America","St. Barthlmy.","0466"
".Global region","South America","St. Maarten","0479"
".Global region","South America","Suriname","0492"
".Global region","South America","Trin. & Tob.","0472"
".Global region","South America","Turks-Caicos","0454"
".Global region","South America","Uruguay","0524"
".Global region","South America","US Virgin Is.","0457"
".Global region","South America","Venezuela","0484"
".Global region","Southeast Asia","Brunei Dar.","0703"
".Global region","Southeast Asia","Cambodia","0696"
".Global region","Southeast Asia","Indonesia","0700"
".Global region","Southeast Asia","Laos","0684"
".Global region","Southeast Asia","Malaysia","0701"
".Global region","Southeast Asia","Myanmar","0676"
".Global region","Southeast Asia","Philippines","0708"
".Global region","Southeast Asia","Singapore","0706"
".Global region","Southeast Asia","Thailand","0680"
".Global region","Southeast Asia","Timor-Leste","0626"
".Global region","Southeast Asia","Viet Nam","0690"
"EU membership","EU","Austria","0038"
"EU membership","EU","Belgium","0017"
"EU membership","EU","Bulgaria","0068"
"EU membership","EU","Croatia","0092"
"EU membership","EU","Cyprus","0600"
"EU membership","EU","Czech Rep.","0061"
"EU membership","EU","Denmark","0008"
"EU membership","EU","Estonia","0053"
"EU membership","EU","Finland","0032"
"EU membership","EU","France","0001"
"EU membership","EU","Germany","0004"
"EU membership","EU","Greece","0009"
"EU membership","EU","Hungary","0064"
"EU membership","EU","Ireland","0007"
"EU membership","EU","Italy","0005"
"EU membership","EU","Latvia","0054"
"EU membership","EU","Lithuania","0055"
"EU membership","EU","Luxembrg.","0018"
"EU membership","EU","Malta","0046"
"EU membership","EU","Netherlds.","0003"
"EU membership","EU","Poland","0060"
"EU membership","EU","Portugal","0010"
"EU membership","EU","Romania","0066"
"EU membership","EU","Slovakia","0063"
"EU membership","EU","Slovenia","0091"
"EU membership","EU","Spain","0011"
"EU membership","EU","Sweden","0030"
"EU membership","EU","UK","0006"
"EU membership","Non-EU","Afghanistan","0660"
"EU membership","Non-EU","Albania","0070"
"EU membership","Non-EU","Algeria","0208"
"EU membership","Non-EU","Amr. Ocean.","0810"
"EU membership","Non-EU","Amr. Samoa","0830"
"EU membership","Non-EU","Andorra","0043"
"EU membership","Non-EU","Angola","0330"
"EU membership","Non-EU","Anguilla","0446"
"EU membership","Non-EU","Antarctica","0891"
"EU membership","Non-EU","Antigua-Bar.","0459"
"EU membership","Non-EU","Argentina","0528"
"EU membership","Non-EU","Armenia","0077"
"EU membership","Non-EU","Aruba","0474"
"EU membership","Non-EU","Austr. Ocean.","0802"
"EU membership","Non-EU","Australia","0800"
"EU membership","Non-EU","Azerbaijan","0078"
"EU membership","Non-EU","Bahamas","0453"
"EU membership","Non-EU","Bahrain","0640"
"EU membership","Non-EU","Bangladesh","0666"
"EU membership","Non-EU","Barbados","0469"
"EU membership","Non-EU","Belarus","0073"
"EU membership","Non-EU","Belize","0421"
"EU membership","Non-EU","Benin","0284"
"EU membership","Non-EU","Bermuda","0413"
"EU membership","Non-EU","Bhutan","0675"
"EU membership","Non-EU","Bolivia","0516"
"EU membership","Non-EU","Bonaire","0477"
"EU membership","Non-EU","Bosnia Herz.","0093"
"EU membership","Non-EU","Botswana","0391"
"EU membership","Non-EU","Bouvet Island","0892"
"EU membership","Non-EU","Br. In. Ocn. T.","0357"
"EU membership","Non-EU","Br. Virg. Isds","0468"
"EU membership","Non-EU","Brazil","0508"
"EU membership","Non-EU","Brunei Dar.","0703"
"EU membership","Non-EU","Burkina Faso","0236"
"EU membership","Non-EU","Burundi","0328"
"EU membership","Non-EU","Cambodia","0696"
"EU membership","Non-EU","Cameroon","0302"
"EU membership","Non-EU","Canada","0404"
"EU membership","Non-EU","Canary is.","0021"
"EU membership","Non-EU","Canary Is.","0202"
"EU membership","Non-EU","Cape Verde","0247"
"EU membership","Non-EU","Cayman Isds","0463"
"EU membership","Non-EU","Cent. Afr. Rp.","0306"
"EU membership","Non-EU","Chad","0244"
"EU membership","Non-EU","Chile","0512"
"EU membership","Non-EU","China","0720"
"EU membership","Non-EU","Christmas is.","0834"
"EU membership","Non-EU","Cocos Isds","0833"
"EU membership","Non-EU","Colombia","0480"
"EU membership","Non-EU","Comoros","0375"
"EU membership","Non-EU","Congo","0318"
"EU membership","Non-EU","Congo DR","0322"
"EU membership","Non-EU","Cook Is.","0837"
"EU membership","Non-EU","Costa Rica","0436"
"EU membership","Non-EU","C?te d'Ivoire","0272"
"EU membership","Non-EU","Cuba","0448"
"EU membership","Non-EU","Curacao","0475"
"EU membership","Non-EU","Djibouti","0338"
"EU membership","Non-EU","Dominica","0460"
"EU membership","Non-EU","Domin-Rep.","0456"
"EU membership","Non-EU","Ecuador","0500"
"EU membership","Non-EU","Egypt","0220"
"EU membership","Non-EU","El Salvador","0428"
"EU membership","Non-EU","Eq. Guinea","0310"
"EU membership","Non-EU","Eritrea","0336"
"EU membership","Non-EU","Ethiopia","0334"
"EU membership","Non-EU","Faeroe Isds","0041"
"EU membership","Non-EU","Falkland is.","0529"
"EU membership","Non-EU","Fiji","0815"
"EU membership","Non-EU","French Guiana","0496"
"EU membership","Non-EU","French S. Ter.","0894"
"EU membership","Non-EU","Frnch-Plyns.","0822"
"EU membership","Non-EU","Gabon","0314"
"EU membership","Non-EU","Gambia","0252"
"EU membership","Non-EU","Gaza & Jer.","0625"
"EU membership","Non-EU","Georgia","0076"
"EU membership","Non-EU","Ghana","0276"
"EU membership","Non-EU","Gibraltar","0044"
"EU membership","Non-EU","Greenland","0406"
"EU membership","Non-EU","Grenada","0473"
"EU membership","Non-EU","Guadeloupe","0458"
"EU membership","Non-EU","Guam","0831"
"EU membership","Non-EU","Guatemala","0416"
"EU membership","Non-EU","Guinea","0260"
"EU membership","Non-EU","Guinea-Biss.","0257"
"EU membership","Non-EU","Guyana","0488"
"EU membership","Non-EU","Haiti","0452"
"EU membership","Non-EU","Heard is. McD.","0835"
"EU membership","Non-EU","Honduras","0424"
"EU membership","Non-EU","Hong Kong","0740"
"EU membership","Non-EU","Iceland","0024"
"EU membership","Non-EU","India","0664"
"EU membership","Non-EU","Indonesia","0700"
"EU membership","Non-EU","Iran","0616"
"EU membership","Non-EU","Iraq","0612"
"EU membership","Non-EU","Israel","0624"
"EU membership","Non-EU","Jamaica","0464"
"EU membership","Non-EU","Japan","0732"
"EU membership","Non-EU","Jordan","0628"
"EU membership","Non-EU","Kazakhstan","0079"
"EU membership","Non-EU","Kenya","0346"
"EU membership","Non-EU","Kiribati","0812"
"EU membership","Non-EU","Kosovo","0095"
"EU membership","Non-EU","Kuwait","0636"
"EU membership","Non-EU","Kyrgyzstan","0083"
"EU membership","Non-EU","Laos","0684"
"EU membership","Non-EU","Lebanon","0604"
"EU membership","Non-EU","Lesotho","0395"
"EU membership","Non-EU","Liberia","0268"
"EU membership","Non-EU","Libya","0216"
"EU membership","Non-EU","Liechtenst.","0037"
"EU membership","Non-EU","Macao","0743"
"EU membership","Non-EU","Macedonia","0096"
"EU membership","Non-EU","Madagascar","0370"
"EU membership","Non-EU","Malawi","0386"
"EU membership","Non-EU","Malaysia","0701"
"EU membership","Non-EU","Maldives","0667"
"EU membership","Non-EU","Mali","0232"
"EU membership","Non-EU","Marshall Is.","0824"
"EU membership","Non-EU","Martinique","0462"
"EU membership","Non-EU","Mauritania","0228"
"EU membership","Non-EU","Mauritius","0373"
"EU membership","Non-EU","Mayotte","0377"
"EU membership","Non-EU","Melilla","0023"
"EU membership","Non-EU","Mexico","0412"
"EU membership","Non-EU","Micronesia","0823"
"EU membership","Non-EU","Moldova","0074"
"EU membership","Non-EU","Mongolia","0716"
"EU membership","Non-EU","Montenegro","0097"
"EU membership","Non-EU","Montserrat","0470"
"EU membership","Non-EU","Morocco","0204"
"EU membership","Non-EU","Mozamb.","0366"
"EU membership","Non-EU","Myanmar","0676"
"EU membership","Non-EU","N. Korea","0724"
"EU membership","Non-EU","N. Mariana Is.","0820"
"EU membership","Non-EU","N. Zealand","0804"
"EU membership","Non-EU","Namibia","0389"
"EU membership","Non-EU","Nauru","0803"
"EU membership","Non-EU","Nepal","0672"
"EU membership","Non-EU","Neth. Antilles","0478"
"EU membership","Non-EU","New Caled.","0809"
"EU membership","Non-EU","Nicaragua","0432"
"EU membership","Non-EU","Niger","0240"
"EU membership","Non-EU","Nigeria","0288"
"EU membership","Non-EU","Niue","0838"
"EU membership","Non-EU","Norfolk is.","0836"
"EU membership","Non-EU","Norway","0028"
"EU membership","Non-EU","NZ Oceania","0814"
"EU membership","Non-EU","Oman","0649"
"EU membership","Non-EU","Pakistan","0662"
"EU membership","Non-EU","Palau","0825"
"EU membership","Non-EU","Panama","0442"
"EU membership","Non-EU","Papua N.G.","0801"
"EU membership","Non-EU","Paraguay","0520"
"EU membership","Non-EU","Peru","0504"
"EU membership","Non-EU","Philippines","0708"
"EU membership","Non-EU","Pitcairn","0813"
"EU membership","Non-EU","Polar Reg.","0890"
"EU membership","Non-EU","Qatar","0644"
"EU membership","Non-EU","Russia","0075"
"EU membership","Non-EU","Rwanda","0324"
"EU membership","Non-EU","S. Korea","0728"
"EU membership","Non-EU","Saint Lucia","0465"
"EU membership","Non-EU","Samoa","0819"
"EU membership","Non-EU","San Marino","0047"
"EU membership","Non-EU","Sao Tome-Pr.","0311"
"EU membership","Non-EU","Saudi Arabia","0632"
"EU membership","Non-EU","Senegal","0248"
"EU membership","Non-EU","Serbia","0098"
"EU membership","Non-EU","Serbia-Mont.","0094"
"EU membership","Non-EU","Seychelles","0355"
"EU membership","Non-EU","Sierra Leone","0264"
"EU membership","Non-EU","Singapore","0706"
"EU membership","Non-EU","Solomon Is.","0806"
"EU membership","Non-EU","Somalia","0342"
"EU membership","Non-EU","South Africa","0388"
"EU membership","Non-EU","South Sudan","0225"
"EU membership","Non-EU","Sri Lanka","0669"
"EU membership","Non-EU","St Helena","0329"
"EU membership","Non-EU","St Kitts-Nev","0449"
"EU membership","Non-EU","St Pierre-Miq","0408"
"EU membership","Non-EU","St Vincent","0467"
"EU membership","Non-EU","St. Barthlmy.","0466"
"EU membership","Non-EU","St. Maarten","0479"
"EU membership","Non-EU","Sth. Georgia","0893"
"EU membership","Non-EU","Sudan","0224"
"EU membership","Non-EU","Suriname","0492"
"EU membership","Non-EU","Swaziland","0393"
"EU membership","Non-EU","Switzerland","0039"
"EU membership","Non-EU","Syria","0608"
"EU membership","Non-EU","Taiwan","0736"
"EU membership","Non-EU","Tajikistan","0082"
"EU membership","Non-EU","Tanzania","0352"
"EU membership","Non-EU","Thailand","0680"
"EU membership","Non-EU","Timor-Leste","0626"
"EU membership","Non-EU","Togo","0280"
"EU membership","Non-EU","Tokelau","0839"
"EU membership","Non-EU","Tonga","0817"
"EU membership","Non-EU","Trin. & Tob.","0472"
"EU membership","Non-EU","Tunisia","0212"
"EU membership","Non-EU","Turkey","0052"
"EU membership","Non-EU","Turkmenstn.","0080"
"EU membership","Non-EU","Turks-Caicos","0454"
"EU membership","Non-EU","Tuvalu","0807"
"EU membership","Non-EU","UAE","0647"
"EU membership","Non-EU","Uganda","0350"
"EU membership","Non-EU","Ukraine","0072"
"EU membership","Non-EU","Uruguay","0524"
"EU membership","Non-EU","US Minor Is.","0832"
"EU membership","Non-EU","US Virgin Is.","0457"
"EU membership","Non-EU","USA","0400"
"EU membership","Non-EU","Uzbekistan","0081"
"EU membership","Non-EU","Vanuatu","0816"
"EU membership","Non-EU","Vatican City","0045"
"EU membership","Non-EU","Venezuela","0484"
"EU membership","Non-EU","Viet Nam","0690"
"EU membership","Non-EU","W Sahara","0229"
"EU membership","Non-EU","Wallis & Fut.","0811"
"EU membership","Non-EU","Yemen","0653"
"EU membership","Non-EU","Yugoslavia","0048"
"EU membership","Non-EU","Zambia","0378"
"EU membership","Non-EU","Zimbabwe","0382"
"FLEGT status","All VPA","Cameroon","0302"
"FLEGT status","All VPA","Cent. Afr. Rp.","0306"
"FLEGT status","All VPA","Congo","0318"
"FLEGT status","All VPA","Congo DR","0322"
"FLEGT status","All VPA","C?te d'Ivoire","0272"
"FLEGT status","All VPA","Gabon","0314"
"FLEGT status","All VPA","Ghana","0276"
"FLEGT status","All VPA","Guyana","0488"
"FLEGT status","All VPA","Honduras","0424"
"FLEGT status","All VPA","Indonesia","0700"
"FLEGT status","All VPA","Laos","0684"
"FLEGT status","All VPA","Liberia","0268"
"FLEGT status","All VPA","Malaysia","0701"
"FLEGT status","All VPA","Thailand","0680"
"FLEGT status","All VPA","Viet Nam","0690"
"FLEGT status","FLEGT licensing","Indonesia","0700"
"FLEGT status","VPA implementation","Cameroon","0302"
"FLEGT status","VPA implementation","Cent. Afr. Rp.","0306"
"FLEGT status","VPA implementation","Congo","0318"
"FLEGT status","VPA implementation","Ghana","0276"
"FLEGT status","VPA implementation","Liberia","0268"
"FLEGT status","VPA negotiation","Congo DR","0322"
"FLEGT status","VPA negotiation","C?te d'Ivoire","0272"
"FLEGT status","VPA negotiation","Gabon","0314"
"FLEGT status","VPA negotiation","Guyana","0488"
"FLEGT status","VPA negotiation","Honduras","0424"
"FLEGT status","VPA negotiation","Laos","0684"
"FLEGT status","VPA negotiation","Malaysia","0701"
"FLEGT status","VPA negotiation","Thailand","0680"
"FLEGT status","VPA negotiation","Viet Nam","0690"
"Forest zone","Primarily arid or mountain","Afghanistan","0660"
"Forest zone","Primarily arid or mountain","Algeria","0208"
"Forest zone","Primarily arid or mountain","Azerbaijan","0078"
"Forest zone","Primarily arid or mountain","Bahrain","0640"
"Forest zone","Primarily arid or mountain","Bhutan","0675"
"Forest zone","Primarily arid or mountain","Botswana","0391"
"Forest zone","Primarily arid or mountain","Canary is.","0021"
"Forest zone","Primarily arid or mountain","Egypt","0220"
"Forest zone","Primarily arid or mountain","Gaza & Jer.","0625"
"Forest zone","Primarily arid or mountain","Iran","0616"
"Forest zone","Primarily arid or mountain","Iraq","0612"
"Forest zone","Primarily arid or mountain","Israel","0624"
"Forest zone","Primarily arid or mountain","Jordan","0628"
"Forest zone","Primarily arid or mountain","Kazakhstan","0079"
"Forest zone","Primarily arid or mountain","Kuwait","0636"
"Forest zone","Primarily arid or mountain","Kyrgyzstan","0083"
"Forest zone","Primarily arid or mountain","Lebanon","0604"
"Forest zone","Primarily arid or mountain","Libya","0216"
"Forest zone","Primarily arid or mountain","Mongolia","0716"
"Forest zone","Primarily arid or mountain","Morocco","0204"
"Forest zone","Primarily arid or mountain","Namibia","0389"
"Forest zone","Primarily arid or mountain","Nepal","0672"
"Forest zone","Primarily arid or mountain","Oman","0649"
"Forest zone","Primarily arid or mountain","Pakistan","0662"
"Forest zone","Primarily arid or mountain","Qatar","0644"
"Forest zone","Primarily arid or mountain","Saudi Arabia","0632"
"Forest zone","Primarily arid or mountain","South Sudan","0225"
"Forest zone","Primarily arid or mountain","Sudan","0224"
"Forest zone","Primarily arid or mountain","Swaziland","0393"
"Forest zone","Primarily arid or mountain","Syria","0608"
"Forest zone","Primarily arid or mountain","Tajikistan","0082"
"Forest zone","Primarily arid or mountain","Tunisia","0212"
"Forest zone","Primarily arid or mountain","Turkmenstn.","0080"
"Forest zone","Primarily arid or mountain","UAE","0647"
"Forest zone","Primarily arid or mountain","Uzbekistan","0081"
"Forest zone","Primarily arid or mountain","W Sahara","0229"
"Forest zone","Primarily arid or mountain","Yemen","0653"
"Forest zone","Primarily temperate","Albania","0070"
"Forest zone","Primarily temperate","Andorra","0043"
"Forest zone","Primarily temperate","Argentina","0528"
"Forest zone","Primarily temperate","Armenia","0077"
"Forest zone","Primarily temperate","Australia","0800"
"Forest zone","Primarily temperate","Austria","0038"
"Forest zone","Primarily temperate","Belarus","0073"
"Forest zone","Primarily temperate","Belgium","0017"
"Forest zone","Primarily temperate","Bosnia Herz.","0093"
"Forest zone","Primarily temperate","Bulgaria","0068"
"Forest zone","Primarily temperate","Canada","0404"
"Forest zone","Primarily temperate","Chile","0512"
"Forest zone","Primarily temperate","China","0720"
"Forest zone","Primarily temperate","Croatia","0092"
"Forest zone","Primarily temperate","Cyprus","0600"
"Forest zone","Primarily temperate","Czech Rep.","0061"
"Forest zone","Primarily temperate","Denmark","0008"
"Forest zone","Primarily temperate","Estonia","0053"
"Forest zone","Primarily temperate","Faeroe Isds","0041"
"Forest zone","Primarily temperate","Falkland is.","0529"
"Forest zone","Primarily temperate","Finland","0032"
"Forest zone","Primarily temperate","France","0001"
"Forest zone","Primarily temperate","Georgia","0076"
"Forest zone","Primarily temperate","Germany","0004"
"Forest zone","Primarily temperate","Gibraltar","0044"
"Forest zone","Primarily temperate","Greece","0009"
"Forest zone","Primarily temperate","Greenland","0406"
"Forest zone","Primarily temperate","Hungary","0064"
"Forest zone","Primarily temperate","Iceland","0024"
"Forest zone","Primarily temperate","Ireland","0007"
"Forest zone","Primarily temperate","Italy","0005"
"Forest zone","Primarily temperate","Japan","0732"
"Forest zone","Primarily temperate","Kosovo","0095"
"Forest zone","Primarily temperate","Latvia","0054"
"Forest zone","Primarily temperate","Lesotho","0395"
"Forest zone","Primarily temperate","Liechtenst.","0037"
"Forest zone","Primarily temperate","Lithuania","0055"
"Forest zone","Primarily temperate","Luxembrg.","0018"
"Forest zone","Primarily temperate","Macedonia","0096"
"Forest zone","Primarily temperate","Malta","0046"
"Forest zone","Primarily temperate","Moldova","0074"
"Forest zone","Primarily temperate","Montenegro","0097"
"Forest zone","Primarily temperate","N. Korea","0724"
"Forest zone","Primarily temperate","N. Zealand","0804"
"Forest zone","Primarily temperate","Netherlds.","0003"
"Forest zone","Primarily temperate","Norway","0028"
"Forest zone","Primarily temperate","Poland","0060"
"Forest zone","Primarily temperate","Portugal","0010"
"Forest zone","Primarily temperate","Romania","0066"
"Forest zone","Primarily temperate","Russia","0075"
"Forest zone","Primarily temperate","S. Korea","0728"
"Forest zone","Primarily temperate","San Marino","0047"
"Forest zone","Primarily temperate","Serbia","0098"
"Forest zone","Primarily temperate","Serbia-Mont.","0094"
"Forest zone","Primarily temperate","Slovakia","0063"
"Forest zone","Primarily temperate","Slovenia","0091"
"Forest zone","Primarily temperate","South Africa","0388"
"Forest zone","Primarily temperate","Spain","0011"
"Forest zone","Primarily temperate","Sweden","0030"
"Forest zone","Primarily temperate","Switzerland","0039"
"Forest zone","Primarily temperate","Taiwan","0736"
"Forest zone","Primarily temperate","Turkey","0052"
"Forest zone","Primarily temperate","UK","0006"
"Forest zone","Primarily temperate","Ukraine","0072"
"Forest zone","Primarily temperate","Uruguay","0524"
"Forest zone","Primarily temperate","USA","0400"
"Forest zone","Primarily temperate","Vatican City","0045"
"Forest zone","Primarily temperate","Yugoslavia","0048"
"Forest zone","Primarily tropical","Amr. Ocean.","0810"
"Forest zone","Primarily tropical","Amr. Samoa","0830"
"Forest zone","Primarily tropical","Angola","0330"
"Forest zone","Primarily tropical","Anguilla","0446"
"Forest zone","Primarily tropical","Antigua-Bar.","0459"
"Forest zone","Primarily tropical","Aruba","0474"
"Forest zone","Primarily tropical","Austr. Ocean.","0802"
"Forest zone","Primarily tropical","Bahamas","0453"
"Forest zone","Primarily tropical","Bangladesh","0666"
"Forest zone","Primarily tropical","Barbados","0469"
"Forest zone","Primarily tropical","Belize","0421"
"Forest zone","Primarily tropical","Benin","0284"
"Forest zone","Primarily tropical","Bermuda","0413"
"Forest zone","Primarily tropical","Bolivia","0516"
"Forest zone","Primarily tropical","Bonaire","0477"
"Forest zone","Primarily tropical","Br. In. Ocn. T.","0357"
"Forest zone","Primarily tropical","Br. Virg. Isds","0468"
"Forest zone","Primarily tropical","Brazil","0508"
"Forest zone","Primarily tropical","Brunei Dar.","0703"
"Forest zone","Primarily tropical","Burkina Faso","0236"
"Forest zone","Primarily tropical","Burundi","0328"
"Forest zone","Primarily tropical","Cambodia","0696"
"Forest zone","Primarily tropical","Cameroon","0302"
"Forest zone","Primarily tropical","Canary Is.","0202"
"Forest zone","Primarily tropical","Cape Verde","0247"
"Forest zone","Primarily tropical","Cayman Isds","0463"
"Forest zone","Primarily tropical","Cent. Afr. Rp.","0306"
"Forest zone","Primarily tropical","Chad","0244"
"Forest zone","Primarily tropical","Christmas is.","0834"
"Forest zone","Primarily tropical","Cocos Isds","0833"
"Forest zone","Primarily tropical","Colombia","0480"
"Forest zone","Primarily tropical","Comoros","0375"
"Forest zone","Primarily tropical","Congo","0318"
"Forest zone","Primarily tropical","Congo DR","0322"
"Forest zone","Primarily tropical","Cook Is.","0837"
"Forest zone","Primarily tropical","Costa Rica","0436"
"Forest zone","Primarily tropical","C?te d'Ivoire","0272"
"Forest zone","Primarily tropical","Cuba","0448"
"Forest zone","Primarily tropical","Curacao","0475"
"Forest zone","Primarily tropical","Djibouti","0338"
"Forest zone","Primarily tropical","Dominica","0460"
"Forest zone","Primarily tropical","Domin-Rep.","0456"
"Forest zone","Primarily tropical","Ecuador","0500"
"Forest zone","Primarily tropical","El Salvador","0428"
"Forest zone","Primarily tropical","Eq. Guinea","0310"
"Forest zone","Primarily tropical","Eritrea","0336"
"Forest zone","Primarily tropical","Ethiopia","0334"
"Forest zone","Primarily tropical","Fiji","0815"
"Forest zone","Primarily tropical","French Guiana","0496"
"Forest zone","Primarily tropical","Frnch-Plyns.","0822"
"Forest zone","Primarily tropical","Gabon","0314"
"Forest zone","Primarily tropical","Gambia","0252"
"Forest zone","Primarily tropical","Ghana","0276"
"Forest zone","Primarily tropical","Grenada","0473"
"Forest zone","Primarily tropical","Guadeloupe","0458"
"Forest zone","Primarily tropical","Guam","0831"
"Forest zone","Primarily tropical","Guatemala","0416"
"Forest zone","Primarily tropical","Guinea","0260"
"Forest zone","Primarily tropical","Guinea-Biss.","0257"
"Forest zone","Primarily tropical","Guyana","0488"
"Forest zone","Primarily tropical","Haiti","0452"
"Forest zone","Primarily tropical","Heard is. McD.","0835"
"Forest zone","Primarily tropical","Honduras","0424"
"Forest zone","Primarily tropical","Hong Kong","0740"
"Forest zone","Primarily tropical","India","0664"
"Forest zone","Primarily tropical","Indonesia","0700"
"Forest zone","Primarily tropical","Jamaica","0464"
"Forest zone","Primarily tropical","Kenya","0346"
"Forest zone","Primarily tropical","Kiribati","0812"
"Forest zone","Primarily tropical","Laos","0684"
"Forest zone","Primarily tropical","Liberia","0268"
"Forest zone","Primarily tropical","Macao","0743"
"Forest zone","Primarily tropical","Madagascar","0370"
"Forest zone","Primarily tropical","Malawi","0386"
"Forest zone","Primarily tropical","Malaysia","0701"
"Forest zone","Primarily tropical","Maldives","0667"
"Forest zone","Primarily tropical","Mali","0232"
"Forest zone","Primarily tropical","Marshall Is.","0824"
"Forest zone","Primarily tropical","Martinique","0462"
"Forest zone","Primarily tropical","Mauritania","0228"
"Forest zone","Primarily tropical","Mauritius","0373"
"Forest zone","Primarily tropical","Mayotte","0377"
"Forest zone","Primarily tropical","Melilla","0023"
"Forest zone","Primarily tropical","Mexico","0412"
"Forest zone","Primarily tropical","Micronesia","0823"
"Forest zone","Primarily tropical","Montserrat","0470"
"Forest zone","Primarily tropical","Mozamb.","0366"
"Forest zone","Primarily tropical","Myanmar","0676"
"Forest zone","Primarily tropical","N. Mariana Is.","0820"
"Forest zone","Primarily tropical","Nauru","0803"
"Forest zone","Primarily tropical","Neth. Antilles","0478"
"Forest zone","Primarily tropical","New Caled.","0809"
"Forest zone","Primarily tropical","Nicaragua","0432"
"Forest zone","Primarily tropical","Niger","0240"
"Forest zone","Primarily tropical","Nigeria","0288"
"Forest zone","Primarily tropical","Niue","0838"
"Forest zone","Primarily tropical","Norfolk is.","0836"
"Forest zone","Primarily tropical","NZ Oceania","0814"
"Forest zone","Primarily tropical","Palau","0825"
"Forest zone","Primarily tropical","Panama","0442"
"Forest zone","Primarily tropical","Papua N.G.","0801"
"Forest zone","Primarily tropical","Paraguay","0520"
"Forest zone","Primarily tropical","Peru","0504"
"Forest zone","Primarily tropical","Philippines","0708"
"Forest zone","Primarily tropical","Pitcairn","0813"
"Forest zone","Primarily tropical","Reunion","0372"
"Forest zone","Primarily tropical","Rwanda","0324"
"Forest zone","Primarily tropical","Saint Lucia","0465"
"Forest zone","Primarily tropical","Samoa","0819"
"Forest zone","Primarily tropical","Sao Tome-Pr.","0311"
"Forest zone","Primarily tropical","Senegal","0248"
"Forest zone","Primarily tropical","Seychelles","0355"
"Forest zone","Primarily tropical","Sierra Leone","0264"
"Forest zone","Primarily tropical","Singapore","0706"
"Forest zone","Primarily tropical","Solomon Is.","0806"
"Forest zone","Primarily tropical","Somalia","0342"
"Forest zone","Primarily tropical","Sri Lanka","0669"
"Forest zone","Primarily tropical","St Helena","0329"
"Forest zone","Primarily tropical","St Kitts-Nev","0449"
"Forest zone","Primarily tropical","St Pierre-Miq","0408"
"Forest zone","Primarily tropical","St Vincent","0467"
"Forest zone","Primarily tropical","St. Barthlmy.","0466"
"Forest zone","Primarily tropical","St. Maarten","0479"
"Forest zone","Primarily tropical","Suriname","0492"
"Forest zone","Primarily tropical","Tanzania","0352"
"Forest zone","Primarily tropical","Thailand","0680"
"Forest zone","Primarily tropical","Timor-Leste","0626"
"Forest zone","Primarily tropical","Togo","0280"
"Forest zone","Primarily tropical","Tokelau","0839"
"Forest zone","Primarily tropical","Tonga","0817"
"Forest zone","Primarily tropical","Trin. & Tob.","0472"
"Forest zone","Primarily tropical","Turks-Caicos","0454"
"Forest zone","Primarily tropical","Tuvalu","0807"
"Forest zone","Primarily tropical","Uganda","0350"
"Forest zone","Primarily tropical","US Minor Is.","0832"
"Forest zone","Primarily tropical","US Virgin Is.","0457"
"Forest zone","Primarily tropical","Vanuatu","0816"
"Forest zone","Primarily tropical","Venezuela","0484"
"Forest zone","Primarily tropical","Viet Nam","0690"
"Forest zone","Primarily tropical","Wallis & Fut.","0811"
"Forest zone","Primarily tropical","Zambia","0378"
"Forest zone","Primarily tropical","Zimbabwe","0382"
"Forest zone","Primarily tropical","Dummy","0382A"
